change_id,num_change,ccfinder,cloneworks_type1,cloneworks_type2blind,cloneworks_type3pattern,cloneworks_type3token,conqat,deckard,duplo,iclones,nicad5,simcad,simian
38726,1,0,0,0,1,1,0,1,0,0,1,0,0
38727,1,0,0,0,1,1,0,1,0,0,1,0,0
38767,1,0,0,0,1,1,0,0,0,0,1,0,0
38768,1,0,0,0,1,1,0,0,0,0,1,0,0
38779,3,0,0,0,0,0,0,1,0,0,0,0,0
38780,3,0,0,0,0,0,0,1,0,0,0,0,0
38781,3,0,0,0,0,0,0,1,0,0,0,0,0
38782,3,0,0,0,0,0,0,1,0,0,0,0,0
38786,4,0,0,0,0,0,0,1,0,0,0,0,0
38787,4,0,0,0,0,0,0,1,0,0,0,0,0
38788,4,0,0,0,0,0,0,1,0,0,0,0,0
38794,12,0,0,0,0,0,0,1,0,0,0,0,0
38795,12,0,0,0,0,0,0,1,0,0,0,0,0
38796,12,0,0,0,0,0,0,1,0,0,0,0,0
38797,12,0,0,0,0,0,0,1,0,0,0,0,0
38798,10,0,0,0,0,0,0,1,0,0,0,0,0
38799,15,0,0,0,0,0,0,1,0,0,0,0,0
38810,3,1,0,0,0,0,0,0,0,0,0,0,0
38813,20,0.15,0,0,0,0,0,0.85,0,0,0,0,0
38814,6,0,0,0,0,0.333333333,0,0.666666667,0,0,0,0,0
38815,4,0,0,0,0,0.5,0,0.5,0,0,0,0,0
38816,5,0,0,0,0.4,0.4,0,0.6,0,0,0.4,0,0
38820,3,0,0,0,0,0,0,1,0,0,0,0,0
38823,4,0,0,0,0,0,0,1,0,0,0,0,0
38824,4,0,0,0,0,0,0,1,0,0,0,0,0
38825,1,0,0,0,1,1,0,0,0,0,0,0,0
38826,4,0,0,0,0.25,0.25,0,0.75,0,0,0,0,0
38827,3,0,0,0,0,0,0,1,0,0,0,0,0
38828,3,0,0,0,0,0,0,1,0,0,0,0,0
38830,5,0,0,0,0,0,0,1,0,0,0,0,0
38831,19,0,0,0,0,0.157894737,0,0.894736842,0,0,0,0,0
38832,21,0,0,0,0.095238095,0.238095238,0,0.80952381,0,0,0,0,0
38833,16,0,0,0,0,0,0,1,0,0,0,0,0
38834,15,0,0,0,0,0,0,1,0,0,0,0,0
38835,8,0,0,0,0,0,0,1,0,0,0,0,0
38836,15,0,0,0,0,0,0,1,0,0,0,0,0
38837,16,0,0,0,0.0625,0,0,0.9375,0,0,0.0625,0,0
38838,12,0,0,0,0.083333333,0,0,0.916666667,0,0,0.083333333,0,0
38839,15,0,0,0,0,0,0,1,0,0,0,0,0
38840,17,0,0,0,0,0.117647059,0,0.882352941,0,0,0,0,0
38841,8,0,0,0,0,0,0,1,0,0,0,0,0
38842,3,0,0,0,0,0,0,1,0,0,0,0,0
38843,3,0,0,0,0,0,0,1,0,0,0,0,0
38844,9,0,0,0.222222222,0.666666667,0.444444444,0,0.333333333,0,0,0.666666667,0,0
38845,6,0,0,0.333333333,1,0.666666667,0,0,0,0,1,0,0
38846,7,0,0,0,0.857142857,0.714285714,0,0,0,0,0.857142857,0,0
38847,7,0,0,0,0.857142857,0.714285714,0,0,0,0,0.857142857,0,0
38848,6,0,0,0.333333333,1,0.666666667,0,0,0,0,1,0,0
38849,6,0,0,0.333333333,1,0.666666667,0,0,0,0,1,0,0
38850,6,0,0,0,1,0,0,0,0,0,1,0,0
38851,6,0,0,0,1,0,0,0,0,0,1,0,0
38876,5,0,0,0,0,0,0,1,0,0,0,0,0
38877,5,0,0,0,0.2,0.2,0,1,0,0,0,0,0
38881,5,0,0,0,0,0,0,1,0,0,0,0,0
38882,5,0,0,0,0,0,0,1,0,0,0,0,0
38883,2,0,0,0,0.5,0.5,0,1,0,0,0,0,0
38884,5,0,0,0,0,0,0,1,0,0,0,0,0
38885,5,0,0,0,0,0,0,1,0,0,0,0,0
38890,5,0,0,0,0,0.4,0,1,0,0,0,0,0
38891,3,0,0,0,0,0.666666667,0,1,0,0,0,0,0
38892,2,0,0,0,0,0,0,1,0,0,0,0,0
38893,4,0,0,0,0,0,0,1,0,0,0,0,0
38894,3,0,0,0,0,0.666666667,0,1,0,0,0,0,0
38895,3,0,0,0,0,0.666666667,0,1,0,0,0,0,0
38951,2,0,0,0,0,0,0,0,0,0,0,0,1
38953,1,1,0,0,0,0,0,0,0,0,0,0,0
38954,2,0.5,0,0,0,0,0,0,0,0,0,0,1
38955,3,0.666666667,0,0,0,0,0,0,0,0,0,0,0.666666667
38987,1,0,0,0,1,1,0,0,0,0,1,0,0
38988,1,0,0,0,1,1,0,0,0,0,1,0,0
38997,2,0,0,0,0.5,0,0,0,0,0,0.5,0.5,0
38998,1,0,0,0,1,0,0,0,0,0,1,0,0
39001,1,0,0,0,1,0,0,0,0,0,1,0,0
39002,1,0,0,0,1,0,0,0,0,0,1,0,0
39005,1,0,0,0,1,0,0,0,0,0,0,0,0
39006,1,0,0,0,1,0,0,0,0,0,0,0,0
39008,2,0,0,0,1,0,0,0,0,0,1,0,0
39009,1,0,0,0,0,0,0,0,0,0,0,1,0
39011,2,0,0,0,1,0,0,0,0,0,0,0,0
39024,1,0,0,0,1,1,0,0,0,0,1,0,0
39025,1,0,0,0,1,1,0,0,0,0,1,0,0
39026,7,0,0,0,1,0.142857143,0,0,0,0,0,0,0
39028,7,0,0,0,1,0.142857143,0,0,0,0,0,0,0
39029,2,1,0,0,0,0,0,0,0,0,0,0,0
39031,2,1,0,0,0,0,0,0,0,0,0,0,0
39033,1,0,0,0,1,1,0,0,0,0,1,0,0
39037,6,0,0,0,0.666666667,0,0,0,0,0,1,0,0
39038,11,0,0,0,1,0,0,0,0,0,0.545454545,0,0
39039,6,0,0,0,0.666666667,0,0,0,0,0,1,0,0
39040,5,0,0,0,1,0,0,0,0,0,1,0,0
39041,7,0,0,0,1,0,0,0,0,0,1,0,0
39042,7,0,0,0,1,0,0,0,0,0,1,0,0
39043,7,0,0,0,1,0,0,0,0,0,1,0,0
39044,4,0,0,0,1,0,0,0,0,0,1,1,0
39046,5,0,0,0,1,0,0,0,0,0,1,0,0
39047,5,0,0,0,1,0,0,0,0,0,1,0,0
39049,1,0,0,0,1,1,0,0,0,0,1,0,0
39051,14,0,0,0.142857143,0.857142857,0.142857143,0,0,0,0,0.642857143,0,0
39052,14,0,0,0.142857143,0.857142857,0.142857143,0,0,0,0,0.642857143,0,0
39053,2,0,0,0,0,0,0,0,0,0,0,1,0
39054,5,0,0,0,1,0,0,0,0,0,0.2,0.2,0
39055,5,0,0,0,1,0,0,0,0,0,0.2,0.2,0
39056,5,0,0,0,1,0,0,0,0,0,0.2,0.4,0
39057,5,0,0,0,1,0,0,0,0,0,0.2,0.4,0
39058,4,0,0,0,1,0,0,0,0,0,0,0,0
39059,10,0,0,0.2,1,0.2,0,0,0,0,0,0,0
39060,10,0,0,0.2,1,0.2,0,0,0,0,0,0,0
39061,4,0,0,0,1,0,0,0,0,0,0,0.5,0
39062,7,0,0,0,1,0,0,0,0,0,0,0,0
39065,6,0.666666667,0,0.5,0.5,0.5,0,0.833333333,0,0,0.5,0.5,0
39066,6,0.666666667,0.333333333,0.666666667,0.666666667,0.5,0.333333333,0.666666667,0,0.5,0.5,0.5,0
39067,6,0.666666667,0.333333333,0.666666667,0.666666667,0.5,0.333333333,0.5,0,0.5,0.5,0.5,0
39068,6,0,0,0.5,0.5,0.5,0,0.5,0,0.5,0.5,0.5,0
39069,5,0.8,0.4,0.8,0.8,0.6,0.4,0.6,0,0.6,0.6,0.6,0
39070,5,0.8,0.4,0.8,0.8,0.6,0.4,0,0,0.6,0.6,0.6,0
39071,5,1,0,0.2,0.2,0.2,0,0.4,0,0.6,0.2,0.2,0
39072,1,0,0,1,1,1,0,0,0,0,1,1,0
39073,1,0,0,1,1,0,0,1,0,0,1,1,0
39075,1,0,0,1,1,0,0,1,0,0,1,1,0
39098,2,0,0,0,1,1,0,0,0,0,1,0,0
39099,1,0,0,0,1,1,0,0,0,0,1,0,0
39100,1,0,0,0,1,1,0,0,0,0,1,0,0
39225,2,0,0,0,0,0,0,0,0,0,0,1,0
39226,2,0,0,0,0,0,0,0,0,0,0,1,0
39230,2,0,0,0,0,0,0,0,0,0,0,1,0
39231,2,0,0,0,0,0,0,0,0,0,0,1,0
39257,3,0,0,0,0,0,0,1,0,0,0,0,0
39260,3,0,0,0,0,0,0,1,0,0,0,0,0
39265,9,0,0,0,0,0,0,1,0,0,0,0,0
39266,9,0,0,0,0,0,0,1,0,0,0,0,0
39267,4,0,0,0,0,0,0,1,0,0,0,0,0
39268,4,0,0,0,0,0,0,1,0,0,0,0,0
39269,4,0,0,0,0,0,0,1,0,0,0,0,0
39270,9,0,0,0,0,0,0,1,0,0,0,0,0
39271,9,0,0,0,0,0,0,1,0,0,0,0,0
39272,7,0,0,0,0,0,0,1,0,0,0,0,0
39273,7,0,0,0,0,0,0,1,0,0,0,0,0
39274,7,0,0,0,0,0,0,1,0,0,0,0,0
39275,8,0,0,0,0,0,0,1,0,0,0,0,0
39308,1,0,0,0,0,0,0,0,0,0,0,0,1
39309,1,0,0,0,0,0,0,0,0,0,0,0,1
39316,1,0,0,0,0,0,0,1,0,0,0,0,0
39342,1,0,0,0,0,0,0,0,0,0,0,0,1
39344,1,0,0,0,0,0,0,0,0,0,0,0,1
39396,1,0,0,0,0,0,0,1,0,0,0,0,0
39404,1,0,0,0,0,0,1,0,0,0,0,0,1
39405,1,0,0,0,0,0,1,0,0,0,0,0,1
39414,3,1,0,1,1,1,1,0,0,1,1,0,1
39415,4,0.75,0.25,0.75,0.75,0.75,0.75,0.75,0,0.75,0.75,0,0.75
39416,2,0,0,0,0,0,0,1,0,0,0,0,0
39417,3,1,0.333333333,1,1,1,1,0.666666667,0,1,1,0,1
39418,3,1,0,1,1,1,1,0.666666667,0,1,1,0,1
39580,1,0,0,0,1,1,0,0,0,0,1,0,0
39581,1,0,0,0,1,1,0,0,0,0,1,0,0
39743,1,0,0,0,0,0,1,1,0,0,0,0,0
41004,4,0,0,0,1,0,0,0,0,0,0,0,0
41098,1,0,0,0,1,0,0,0,0,0,1,0,0
41190,7,0,0,0,1,0,0,0,0,0,0,0,0
41432,2,0,0,0,0,0,0,1,0,0,0,0,0
41693,8,0,0,0,0,0,0,0,0,0,1,0,0
41898,6,0,0,0,0,0,0,0,0,0,0,0,1
41078,1,0,0,0,0,1,0,0,0,0,0,0,0
41159,1,1,0,0,0,0,0,0,0,0,0,0,0
42184,1,0,0,0,1,0,0,0,0,0,1,0,0
40967,1,0,0,0,0,0,0,1,0,0,0,0,0
41100,10,0,0,0.7,1,0,0,0,0,0,0.1,0,0
41734,6,0,0,0.5,0.5,0,0,0,0,0,0.833333333,0,0
42160,14,0,0.142857143,0.285714286,1,0.857142857,0.071428571,0,0,0,1,0,0
41344,6,0,0,0,0.833333333,0.833333333,0,0,0,0,0,0,0.166666667
42151,13,0,0,0,0.923076923,0.923076923,0.076923077,0,0,0.307692308,0.923076923,0,0
39930,4,0,0,0,0,0,0,1,0,0,0,0,0
41037,4,0,0,0,1,0,0,0,0,0,1,0,0
41124,3,0,0,0,1,0,0,0,0,0,0,0,0
41567,1,1,0,0,0,0,1,0,0,0,0,0,0
41726,7,0,0,0,0.142857143,0,0,0,0,0,1,0,0
41784,2,1,0,1,1,1,0,0,0,0,1,0,0
42112,1,0,0,0,1,0,0,0,0,0,0,0,0
40550,1,0,0,0,0,0,1,1,0,0,0,0,0
40709,1,0,0,0,0,0,0,1,0,0,0,0,0
41152,3,0,0,0,0.333333333,0,0,0,0,0.333333333,0.666666667,0,0.333333333
40521,2,0,0,0,1,1,0,0,0,0,0.5,0,0
41149,3,0,0.666666667,0.666666667,1,0.666666667,0,0,0,0,0,0,0
41307,1,0,0,0,0,0,0,1,0,0,0,0,0
41770,4,0,0,0.25,1,0.25,0,0,0,0,1,0,0
42152,7,0.714285714,0,0.714285714,1,1,0,0,0,0,1,0,0
39822,1,0,0,0,1,1,0,0,0,0,1,0,0
40522,1,0,0,0,0,0,0,1,0,0,0,0,0
40831,1,0,0,0,0,0,1,0,0,0,0,0,0
41775,4,0.25,0,0.25,0.75,0.25,0.25,0,0,0.25,1,0,0
40608,4,1,0,0.75,1,1,0.5,0,0,0.75,1,0,0.75
41034,4,0,0,0,1,0,0,0,0,0,1,0,0
41108,9,0,0,0,1,0,0,0,0,0,0,0,0
41137,4,0,0,0,0.5,0.5,0,0,0,0,1,0,0
42157,13,0.384615385,0,0.384615385,0.846153846,0.692307692,0.307692308,0,0,0.076923077,0.923076923,0,0
40327,1,0,0,0,0,0,0,0,0,1,0,0,1
41609,2,1,0,0,1,1,1,0,1,1,1,0,0
40274,2,0,0,0,0,0,0,1,0,0,0,0,0
41030,4,0,0,0,1,0,0,0,0,0,0,0,0
41667,1,0,0,0,0,1,0,0,0,0,0,0,0
39674,1,0,0,0,1,1,0,0,0,0,1,1,0
40765,1,0,0,0,0,0,0,0,0,0,0,1,0
41096,3,0,0.333333333,1,1,0.333333333,0,0,0,0,0,0,0
41310,1,0,0,0,1,1,0,0,0,0,0,0,0
41757,3,0.666666667,1,1,1,1,1,0,0.666666667,0,1,0,1
40706,5,0,0,0,0,0,0,1,0,0,0,0,0
40977,1,0,0,0,0,0,0,0,0,0,1,0,0
41894,6,0,0,0,0,0,0,0,0,0,0,0,1
42205,4,0,0,0,0,0,0,1,0,0,0,0,0
40056,2,0,0,0,0,0,1,0,0,0,0,0,0
41060,3,0,0,0,0.333333333,0,0,0,0.333333333,0,0.666666667,0,0
41733,5,0,0,0,0.2,0,0,0,0,0,1,0,0
41890,6,0,0,0,0,0,0,0,0,0,0,0,1
42165,14,0.5,0,0.5,0.928571429,0.642857143,0,0,0,0,1,0,0
39707,5,0,0,0,1,0.2,0,0,0,0,0,0,0
39868,1,0,0,1,1,1,0,0,0,0,1,0,0
40445,1,0,0,0,1,1,0,0,0,0,1,1,0
40446,1,0,0,0,1,1,0,0,0,0,1,1,0
40711,1,0,0,0,0,0,0,1,0,0,0,0,0
41612,2,1,0.5,0.5,1,1,1,0,1,1,1,0,0
42097,4,0,0,0,0,0,0,0,0,0,1,0,0
40539,5,0,0,0,0.4,0,0,1,0,0,0,0,0
41063,1,0,0,0,0,0,0,0,1,0,0,0,0
41304,2,0,0,0,0.5,0,0,0.5,0,0,0,0,0
41590,1,0,0,0,1,0,0,0,0,0,0,0,0
41739,3,0,0,0,1,1,0,0,0,0,0.666666667,0,0.666666667
40543,6,0,0,0,0,0,0,1,0,0,0,0,0
40758,3,0,0,0,0,0,0,0,0,0,1,0,0
40788,1,1,0,0,0,0,0,0,0,0,0,0,0
41560,1,0,0,0,0,0,1,0,0,0,0,0,0
41697,11,0,0,0.090909091,0.363636364,0.090909091,0,0,0,0,0.909090909,0,0
42153,12,0.416666667,0.166666667,0.583333333,1,0.833333333,0,0,0,0,1,0,0
40276,2,0,0,0,0,0,0,1,0,0,0,0,0
40407,1,0,0,0,0,0,1,0,0,0,0,0,0
40871,1,0,0,0,0,0,1,0,0,0,0,0,0
40934,1,0,0,0,0,0,0,0,0,1,0,0,1
41390,5,0.4,0,0.4,0.4,1,0.4,0,0.2,0,0.4,0,0
41961,1,0,0,0,0,0,1,1,0,0,0,0,0
39772,1,1,0,0,1,1,0,0,0,0,1,0,0
41113,10,0,0.1,0.7,0.9,0.1,0,0,0,0,0.4,0,0
41638,2,0,0,0,0,0,0,0,0,0,1,0,0
41748,5,0.8,0,0.6,0.6,0.6,0.8,0,0.4,0,0.6,0,0.6
40962,1,0,0,0,0,0,0,1,0,0,0,0,0
41193,5,0,0,0,1,0.8,0,0,0,0,0.8,0,0
41036,11,0,0,0.181818182,1,0.181818182,0,0,0,0,1,0,0
41168,3,1,0,0,0,0,0,0,0,0,0,0,0
41951,5,0,0,0,0.2,0,0,0,0,0,1,0,0
42025,1,1,0,0,0,0,0,0,0,0,0,0,0
42104,3,0,0,0,0,0,0,0,0,0,1,0,0
40428,4,0.75,0,0.25,0.5,0.5,0,0,0,0,0.5,1,0
41012,7,0,0,0.285714286,1,0.285714286,0,0,0,0,1,0,0
41199,5,0,0,0,1,0.8,0,0,0,0,0.8,0,0
41308,1,0,0,0,0,0,0,1,0,0,0,0,0
41695,3,1,0,0,0.333333333,0,1,0,0,0,0,0,0
41855,2,0,0,0,1,0,0,0,0,0,0,0,0
41196,5,0,0,0,1,0.8,0,0,0,0,0.8,0,0
41769,5,0.2,0.8,0.8,1,0.8,0.4,0,0,0.2,0,0,0.4
42202,3,0,0,0,0,0,0,1,0,0,0,0,0
39921,5,0,0,0,0,0,0.8,0.8,0,0,0,0,0
41093,9,0,0,0.777777778,1,0,0,0,0,0,0,0,0
41306,1,0,0,0,0,0,0,1,0,0,0,0,0
40650,2,0,0,0,0,0,0,1,0,0,0,0,0
40707,1,0,0,0,0,0,0,1,0,0,0,0,0
41371,5,0.4,0,0.4,0.4,1,0.4,0,0.2,0,0.4,0,0.4
41389,5,0.4,0,0.4,0.4,1,0.4,0,0.4,0,0.4,0,0.4
40537,6,0,0,0.166666667,0.333333333,0,0,1,0,0,0,0,0
41501,3,1,0,0.666666667,0.666666667,0.666666667,0,0,0,0,0.666666667,0,0
41767,6,0,0,0,1,0.5,0,0,0,0,0.333333333,0,0
42156,14,0.357142857,0,0.357142857,0.785714286,0.785714286,0.285714286,0,0,0.071428571,0.928571429,0,0
41062,2,0,0,0,0.5,0.5,0,0,0.5,0,0,0,0
41484,1,1,0,1,1,1,0,1,0,0,1,1,0
41743,4,1,0,0.75,0.75,0.75,1,0,0.5,0,0.75,0,0.75
42111,1,0,1,1,1,1,0,0,0,0,0,0,0
40609,4,0,0,0.75,1,1,0,0,0,0.75,1,0,0.75
41022,4,0,0,0,1,0,0,0,0,0,0,0,0
40649,1,0,1,1,1,1,0,1,0,0,0,0,0
41165,1,0,0,0,1,0,0,0,0,0,1,0,0
41363,5,1,0,0,0,0,1,0,0,1,0,0,0
42154,12,0.416666667,0.166666667,0.583333333,1,0.833333333,0.333333333,0,0,0.083333333,1,0,0
39589,1,0,0,0,0,0,1,0,0,0,0,0,1
41142,3,0.666666667,0,0,1,1,0.333333333,0,1,0.666666667,0,0,0.333333333
41732,1,0,0,0,0,0,1,0,0,0,0,0,0
41023,11,0,0,0,1,0,0,0,0,0,0.727272727,0,0
42203,3,0,0,0,0,0,0,1,0,0,0,0,0
39802,1,1,0,0,0,0,0,0,0,0,0,0,0
41018,6,0,0,0,1,0,0,0,0,0,0.833333333,0,0
41038,7,0,0,0,1,0,0,0,0,0,0.714285714,0,0
41580,1,0,0,0,0,0,0,1,0,0,0,0,0
41885,2,0,0,0,0,0,0,0,0,0,0,0,1
39977,1,0,0,0,0,0,1,0,0,0,0,0,0
40708,1,0,0,0,0,0,0,1,0,0,0,0,0
42204,3,0,0,0,0,0,0,1,0,0,0,0,0
41166,1,0,0,0,1,0,0,0,0,0,1,0,0
39929,5,0,0,0,0,0,0.8,0.8,0,0,0,0,0
39936,4,0,0,0,0,0,0,1,0,0,0,0,0
40429,4,0.5,0,0,0,0,0,0,0,0,0,1,0
40490,1,1,0,0,0,0,0,0,0,0,0,0,1
41303,1,0,0,0,0,0,0,1,0,0,0,0,0
41369,3,1,0,0,0,0,1,0,0,1,0,0,0
41470,1,1,0,0,0,0,0,0,0,0,0,0,1
40332,1,0,0,0,0,0,0,0,0,1,0,0,1
41021,4,0,0,0,1,0,0,0,0,0,0,0,0
41192,9,0,0,0,1,0.777777778,0,0,0,0,1,0,0
41305,3,0,0,0,0.333333333,0,0,0.666666667,0,0,0,0,0
40427,4,0.75,0,0,0.5,0.5,0,0,0,0,0.5,1,0
41710,1,0,0,0,0,0,0,0,0,0,1,0,0
40310,1,0,0,0,0,0,0,0,0,1,0,0,0
41066,2,0,0,0,0,0,0,0,0,0,1,0,0
41132,1,1,0,1,1,1,1,0,0,1,1,0,0
41666,1,0,0,0,0,1,0,0,0,0,0,0,0
41883,2,0,0,0,0,0,0,0,0,0,0,0,1
41887,6,0,0,0,0,0,0,0,0,0,0,0,1
42026,1,1,0,0,0,0,0,0,0,0,0,1,0
42109,1,0,0,0,0,0,0,0,0,0,1,0,0
42164,14,0.5,0,0.5,0.928571429,0.642857143,0.285714286,0,0,0,1,0,0
41141,4,0.25,0,0.25,0.25,0.25,0.25,0,0.75,0.25,0.25,0,0
41147,2,0,1,1,1,1,0,0,0,0,0,0,0
41509,6,0,0,0,0.5,0,0,0,0,0,0.666666667,0,0
40104,2,0,0,0,0,0,0,0,0,0,0,0,1
40456,1,1,0,0,0,0,0,0,0,0,0,0,0
41029,4,0,0,0,1,0,0,0,0,0,0,0,0
39771,1,0,0,0,1,0,0,0,0,0,1,1,0
40107,1,0,0,0,0,0,0,0,0,0,0,0,1
39773,1,1,0,0,1,1,0,0,0,0,1,0,0
41623,1,0,1,1,1,1,0,0,0,0,0,0,0
39676,1,0,0,0,1,0,0,0,0,0,1,1,0
41372,5,0.4,0,0.4,0.4,1,0.4,0,0.4,0,0.4,0,0
41707,8,0,0,0,0.125,0,0,0,0,0,1,0,0
39873,2,0,0,0,1,1,0,0,0,0,1,0,0
40710,1,0,0,0,0,0,0,1,0,0,0,0,0
41131,5,0,0,0,0.2,0.2,0.4,0,0,0,0.8,0,0.2
41699,13,0.230769231,0,0,0.230769231,0,0.230769231,0,0,0,0.692307692,0,0
41896,6,0,0,0,0,0,0,0,0,0,0,0,1
39874,5,0.4,0.2,0.6,0.6,0.6,0,0.8,0,0.4,0.6,0,0
40224,1,1,0,0,0,0,1,0,0,0,0,0,0
41033,4,0,0,0,1,0,0,0,0,0,1,0,0
41097,13,0,0.076923077,0.692307692,0.846153846,0.076923077,0.076923077,0,0,0,0.461538462,0,0.076923077
41157,1,1,0,0,0,0,0,0,0,0,0,0,0
41324,1,0,0,0,1,0,0,0,0,0,0,0,0
41731,2,0,0,0,0.5,0,0.5,0,0,0,0,0,0
41768,5,0.4,0.6,0.6,0.6,0.6,0.6,0,0.8,0,0.6,0,0.6
42122,2,0,0,0,1,0,0,0,0,0,1,0,0
40411,1,0,0,0,0,0,1,0,0,0,0,0,0
41032,8,0,0,0,1,0,0,0,0,0,0,0,0
41139,2,0.5,0,0.5,0.5,0.5,1,0,0,0,0.5,0,0
41162,2,1,0,0.5,0.5,0.5,1,0,0,0.5,0.5,0,0.5
41857,1,0,0,0,1,0,0,0,0,0,0,0,0
40059,2,0,0,0,0,0,1,0,0,0,0,0,0
40938,1,0,0,0,0,0,1,0,0,0,0,0,0
41105,9,0,0,0.777777778,1,0,0,0,0,0,0,0,0
41302,3,0,0,0,0,0,0,1,0,0,0,0,0
42033,1,0,0,0,0,0,0,1,0,0,0,0,0
42150,12,0,0,0,1,1,0,0,0,0,1,0,0
41050,1,0,0,0,0,0,0,1,0,0,0,0,0
40611,5,0.8,0,0.6,0.8,0.8,0.4,0,0,0.6,0.8,0,0.6
41027,4,0,0,0,1,0,0,0,0,0,0,0,0
41128,1,1,0,0,0,0,0,0,0,0,0,0,0
41833,1,0,0,1,1,0,0,0,0,0,0,0,0
39711,5,0.4,0.4,0.6,1,0.6,0,0,0,0,0,0,0
39694,1,1,0,0,0,0,0,0,0,0,0,0,0
39870,3,0.333333333,0,0.333333333,1,1,0,0.333333333,0,0.333333333,1,0,0
41361,1,0,0,0,0,0,0,0,0,0,0,0,1
40542,2,0,0,0,0,0,0,1,0,0,0,0,0
40832,2,1,0,0,0,0,0,0,0,0,0,0,0
40848,1,0,0,0,0,0,1,0,0,0,0,0,0
41737,8,0,0,0,0.25,0,0,0,0,0,0.875,0,0
40540,5,0,0,0,0,0,0,1,0,0,0,0,0
41155,3,0,0,0,0.333333333,0.333333333,0,0,0,0,1,0,0
41156,3,0,0,0,0.333333333,0.333333333,0,0,0,0,1,0,0
41704,11,0,0,0.272727273,0.363636364,0,0,0,0,0,0.727272727,0,0
42113,1,0,0,0,1,0,0,0,0,0,0,0,0
39869,1,1,1,1,1,1,0,1,0,1,1,0,0
39682,1,0,0,0,1,1,0,0,0,0,1,0,1
41702,2,1,0,0,0,0,1,0,0,0,0,0,0
39931,4,0,0,0,0,0,0,1,0,0,0,0,0
40768,2,0,0,0,0,0,1,0,0,0,0,0,0
41028,4,0,0,0,1,0,0,0,0,0,0,0,0
41088,9,0,0,0,1,0,0,0,0,0,0,0,0
39590,1,0,0,0,0,0,1,0,0,0,0,0,1
39741,1,0,0,0,0,0,0,1,0,0,0,0,0
40798,3,0,0,0,0.333333333,0,0,0,0,0,1,0,0
41829,1,1,0,0,0,0,1,0,0,0,0,0,0
41923,4,0,0,0,0,0,0,0,0,0,1,0,0
40412,1,0,0,0,0,0,1,0,0,0,0,0,1
41504,4,0.5,0,0.5,1,0.5,0,0,0,0,0.5,0,0
41705,11,0,0,0.272727273,0.363636364,0,0,0,0,0,0.727272727,0,0
41024,1,0,0,0,1,1,0,0,0,0,0,0,0
41323,1,0,0,0,1,0,0,0,0,0,0,0,0
41518,3,0,0,0,0,0,0,0,0,0,1,0,0
41521,6,0,0,0,0.666666667,0.166666667,0,0,0,0,0.666666667,0,0
41637,2,0,0,0,0,0,0,0,0,0,1,0,0
42159,14,0,0.142857143,0.285714286,1,0.857142857,0,0,0,0,1,0,0
41006,5,0,0,0.4,1,0,0,0,0,0,0.4,0,0
41355,7,0.428571429,0,0,0,0.571428571,0.428571429,0,0,0.428571429,0,0,0.285714286
39800,2,0,0,0,1,0,0,0,0,0,0,0,0
39926,4,0,0,0,0,0,0.75,0.75,0,0,0,0,0
41265,1,0,0,0,1,0,0,0,0,0,0,1,0
41348,8,0.625,0,0,0.375,0.375,0.625,0,0,0.625,0,0,0
41503,2,1,0,1,1,1,0,0,0,0,1,0,0
41764,6,0.166666667,0.666666667,0.666666667,1,0.833333333,0.333333333,0,0,0.166666667,0.333333333,0,0.333333333
42114,1,0,1,1,1,1,0,0,0,0,0,0,0
40874,1,0,0,0,0,0,1,0,0,0,0,0,0
41035,11,0,0,0.181818182,1,0.181818182,0,0,0,0,1,0,0
41123,1,0,0,0,1,0,0,0,0,0,0,0,0
42083,1,0,0,0,0,0,0,0,0,0,1,0,0
40692,2,0,0,0,0,0,0,1,0,0,0,0,0
40786,1,0,0,0,0,0,0,0,0,1,0,0,1
41266,1,0,0,0,1,0,0,0,0,0,0,1,0
41724,1,0,0,0,1,0,0,0,0,0,0,0,0
41783,3,0,0,0.666666667,1,0.666666667,0,0,0,0,0.666666667,0,0
42087,2,0,0,0,0,0,0,0,0,0,1,0,0
40541,3,0,0,0.333333333,0.666666667,0,0,0.666666667,0,0,0,0,0
40767,1,0,0,0,0,0,1,0,0,0,0,0,0
40855,3,0,0,0,0.333333333,0,0,0,0,0,1,0,0
41121,1,0,0,0,1,0,0,0,0,0,0,0,0
41356,7,0.428571429,0,0,0,0.571428571,0.428571429,0,0,0.428571429,0,0,0
41366,5,1,0,0,0,0,1,0,0,1,0,0,0
41563,2,0,0,0,0,0,1,0,0,0,0,0,0
41758,6,0.333333333,0.333333333,0.333333333,0.666666667,0.666666667,0.333333333,0,0.666666667,0.333333333,0.666666667,0,0.333333333
41827,1,1,0,0,0,0,1,0,0,0,0,0,0
40410,1,0,0,0,0,0,1,0,0,0,0,0,0
41835,1,0,0,1,1,0,0,0,0,0,0,0,0
40424,6,0,0,0,0.333333333,0.333333333,0,0,0,0,0.333333333,1,0
41140,5,0,0,0,0.2,0.2,0.4,0,0,0,0.8,0,0.2
41076,2,0,0,0,0,1,0,0,0,0,0,0,0
41668,2,0,0,0,0,0,0,0,0,0,1,0,0
40519,2,0,0,0,1,1,0,0,0,0,0,0,0
41042,3,0,0,0,1,1,0,0,0,0,0,0,0
41130,2,0.5,0,0.5,0.5,0.5,1,0,0,0,0.5,0,0
41150,3,0,0,0,0.666666667,0,0,0,0,0,0.666666667,0,0
41696,4,0,0,0.25,1,0.25,0,0,0,0,0.25,0,0
41701,2,1,0,0,0,0,1,0,0,0,0,0,0
41939,4,0,0,0,0.25,0.25,0,0,0,0,1,0,0
39975,1,0,0,0,0,0,1,0,0,0,0,0,0
41703,4,0,0,0.75,1,0,0,0,0,0,0,0,0
41771,4,0,0,0.25,1,0.25,0,0,0,0,1,0,0
41336,1,0,0,0,0,0,0,1,0,0,0,0,0
42103,3,0,0,0,0,0,0,0,0,0,1,0,0
40648,1,1,1,1,1,1,1,1,0,1,1,0,1
41188,9,0,0,0,1,0.777777778,0,0,0,0,1,0,0
41772,4,0,0,0,0.5,0,0,0,0,0,1,0,0
40520,3,0,0,0,0.666666667,0.666666667,0,0.333333333,0,0,0.333333333,0,0
41020,4,0,0,0,1,0,0,0,0,0,0,0,0
41129,1,1,0,0,0,0,0,0,0,0,0,0,0
42155,10,0.5,0,0.5,0.7,0.7,0.4,0,0,0.1,0.7,0,0
41347,8,0.625,0,0,0.375,0.375,0.625,0,0,0.625,0,0,0
41706,8,0,0,0,0.125,0,0,0,0,0,1,0,0
41753,3,0,1,1,1,1,1,0,0,0,1,0,1
39849,1,0,0,0,0,0,1,0,0,1,0,0,1
41115,3,0,0,0,1,0,0,0,0,0,1,0,0
41520,4,0,0,0,0.25,0.25,0,0,0,0,1,0,0
41805,1,0,0,1,1,1,0,0,0,0,0,0,0
42034,1,0,0,0,0,0,0,1,0,0,0,0,0
42107,1,0,0,0,1,0,0,0,0,0,0,0,0
42125,2,0,0.5,0.5,1,0.5,0,0,0,0,1,0,0
40226,1,1,0,0,0,0,1,0,0,0,0,0,0
41017,6,0,0,0,1,0,0,0,0,0,0.833333333,0,0
41107,3,0,0.333333333,1,1,0.333333333,0,0,0,0,0,0,0
41110,10,0,0,0.7,0.9,0,0,0,0,0,0.4,0,0
41198,5,0,0,0,1,0.8,0,0,0,0,0.8,0,0
41565,1,0,0,0,0,0,1,0,0,0,0,0,0
41610,2,1,0.5,0.5,1,1,1,0,1,1,1,0,0
39714,5,0,0,0.6,1,0.6,0,0,0,0,0,0,0
40430,4,0.5,0,0.25,0.5,0.5,0,0,0,0,0.5,1,0
41962,1,0,0,0,0,0,1,1,0,0,0,0,0
39671,1,0,0,0,1,1,0,0,0,0,1,0,1
39894,1,1,0,0,0,0,0,0,0,0,0,0,1
41026,1,0,0,0,1,1,0,0,0,0,0,0,0
41163,1,1,0,0,0,0,0,0,1,0,0,0,0
41756,6,0,0.666666667,0.666666667,1,1,0.333333333,0,0,0,0,0,0.333333333
42101,1,0,0,0,1,0,0,0,0,0,0,0,0
39673,1,0,0,0,1,1,0,0,0,0,1,1,0
41750,5,0.8,0,0.6,0.6,0.6,0.8,0,0.4,0,0.6,0,0.6
41950,1,0,0,0,0,0,0,0,0,0,0,1,0
42044,3,0,0,0,0,0,0,1,0,0,0,0,0
40612,6,0.666666667,0,0,1,1,0,0,0,0,1,0,0
42038,1,0,0,0,0,0,0,1,0,0,0,0,0
41161,2,1,0.5,0.5,0.5,0.5,1,0,0,0,0.5,0,0.5
41431,2,0,0,0,0,0,0,1,0,0,0,0,0
41700,3,0,0,0,1,0,0,0,0,0,0,0,0
41740,4,1,0,0,0,0,1,0,0,0,0,0,0
42158,12,0.416666667,0,0.416666667,0.916666667,0.75,0,0,0,0,1,0,0
41169,2,1,0.5,0.5,0.5,0.5,1,0,0,0,0.5,0,0.5
41759,8,0.25,0.625,0.625,0.75,0.75,0.25,0,0.5,0.25,0.5,0,0.25
41856,1,0,0,0,1,0,0,0,0,0,0,0,0
41924,4,0,0,0,0,0,0,0,0,0,1,0,0
39713,5,0.4,0.4,0.6,1,0.6,0,0,0,0,0,0,0
40761,1,0,0,0,0,0,0,0,0,0,0,1,0
40787,1,1,0,0,0,0,0,0,0,0,0,0,0
41445,1,0,0,0,0,0,1,0,0,0,0,0,0
41016,6,0,0,0,1,0,0,0,0,0,0.833333333,0,0
42110,3,0,0,0,0.666666667,0,0,0,0,0,0.333333333,0,0
39693,1,1,0,0,0,0,0,0,0,0,0,0,0
41122,1,0,0,0,1,0,0,0,0,0,0,0,0
41191,9,0,0,0,1,0.777777778,0,0,0,0,1,0,0
41368,3,1,0,0,0,0,1,0,0,1,0,0,0.666666667
41469,1,1,0,0,0,0,0,0,0,0,0,0,1
41730,7,0,0,0.428571429,0.714285714,0,0,0,0,0,1,0,0
42163,15,0.466666667,0,0.466666667,0.866666667,0.866666667,0.266666667,0,0,0,1,0,0
41354,7,0.428571429,0,0,0,0.571428571,0.428571429,0,0,0.428571429,0,0,0.571428571
41635,1,0,1,1,1,1,0,0,0,0,0,0,0
41728,8,0,0,0,0.25,0,0,0,0,0,0.875,0,0
41940,5,0,0,0,0.6,0.4,0,0,0,0,1,0,0
41364,5,1,0,0,0,0,1,0,0,1,0,0,0
41367,3,1,0,0,0,0,1,0,0,1,0,0,0.666666667
41785,3,0.666666667,0,0.666666667,1,0.666666667,0,0,0,0,0.666666667,0,0
40694,3,0,0,0,0,0,0,1,0,0,0,0,0
41031,4,0,0,0,1,0,0,0,0,0,0,0,0
41114,4,0,0,0,0,0,0,0,0,0,1,0,0
41938,4,0,0,0,0.25,0.25,0,0,0,0,1,0,0
41041,7,0,0,0,1,0,0,0,0,0,0.714285714,0,0
41611,2,1,0,0,1,1,1,0,1,1,1,0,0
41639,2,0,0,0,0,0,0,0,0,0,1,0,0
41729,2,0,0,0,0,0,1,0,0,0,0,0,0
39851,2,0,0,0,0,0,1,0,0,1,0,0,1
40057,2,0,0,0,0,0,1,0,0,0,0,0,0
41183,1,0,0,1,1,1,0,0,0,0,1,0,0
41694,10,0,0,0.3,0.4,0,0,0,0,0,0.8,0,0
41698,11,0,0,0,0.272727273,0,0,0,0,0,0.818181818,0,0
42208,3,0,0,0,0,0,0,1,0,0,0,0,0
41485,1,0,0,0,0,0,0,1,0,0,0,0,0
41682,9,0,0,0,0.222222222,0,0,0,0,0,1,0,0
41749,3,0,0,0,0.666666667,1,0.666666667,0,0,0.333333333,0.333333333,0,0.333333333
41751,3,0.333333333,0.333333333,0.333333333,0.666666667,1,0.666666667,0,0.333333333,0.333333333,0.666666667,0,0.666666667
41068,5,0.2,0,0,0,0,0.2,0,1,0,0,0,0.2
41782,3,1,0,0.666666667,0.666666667,0.666666667,0,0,0,0,0.666666667,0,0
42105,3,0,0,0,0,0,0,0,0,0,1,0,0
41077,1,0,0,0,0,1,0,0,0,0,0,0,0
41447,1,0,0,0,0,0,0,1,0,0,0,0,0
41744,5,0.2,0.2,0.2,0.6,0.6,0.4,0,0.6,0.4,0.6,0,0.6
42123,2,0,0.5,0.5,1,0.5,0,0,0,0,1,0,0
40455,1,1,0,0,0,0,0,0,0,0,0,0,0
41059,3,0.333333333,0,0,0.333333333,0,0.333333333,0,0.333333333,0,0.666666667,0,0.333333333
41061,2,0,0,0,0.5,0.5,0,0,0.5,0,0,0,0
41144,3,0.666666667,0,0,1,1,0.333333333,0,0,0,0,0,0
41787,2,0,0,0,1,0,0,0,0,0,0,0,0
40549,2,0,0,0.5,0.5,0.5,0.5,0.5,0,0,0.5,0,0
41127,1,1,0,0,0,0,0,0,0,0,0,0,0
41211,1,0,0,0,0,0,0,1,0,0,0,0,0
41444,1,0,0,0,0,0,1,0,0,0,0,0,0
39672,1,0,0,0,1,0,0,0,0,0,1,1,0
39935,4,0,0,0,0,0,0,1,0,0,0,0,0
41640,2,0,0,0,0,0,0,0,0,0,1,0,0
39823,1,0,0,0,1,1,0,0,0,0,1,0,0
40406,1,0,0,0,0,0,1,0,0,0,0,0,1
40538,6,0,0,0,0,0,0,1,0,0,0,0,0
41015,6,0,0,0,1,0,0,0,0,0,0.833333333,0,0
41025,1,0,0,0,1,1,0,0,0,0,0,0,0
41148,4,0,0.5,0.5,1,0.5,0,0,0,0,0.5,0,0
41005,2,0,0,1,1,0,0,0,0,0,1,0,0
39925,3,0,0,0,0,0,1,0,0,0,0,0,0
40691,2,0,0,0,0,0,0,1,0,0,0,0,0
40773,3,0,0,0,0,0,0,0,0,0,1,0,0
41433,2,0,0,0,0,0,0,1,0,0,0,0,0
41519,3,0,0,0,0,0,0,0,0,0,1,0,0
39740,3,0,0,0,0,0,0.666666667,1,0,0,0,0,0
39872,2,0,0,0,1,1,0,0,0,0,1,0,0
41039,12,0,0,0.166666667,1,0,0,0,0,0,0.583333333,0,0
41109,13,0,0.076923077,0.692307692,0.846153846,0.076923077,0.076923077,0,0,0,0.461538462,0,0.076923077
41727,7,0,0,0.428571429,0.428571429,0,0,0,0,0,1,0,0
41765,3,0.666666667,0.666666667,0.666666667,1,1,0.666666667,0,0.666666667,0.666666667,0.666666667,0,0.666666667
39801,3,1,0,0,0.666666667,0,0,0,0,0,0,0,0
40994,4,0,0,0,1,0,0,0,0,0,0,0,0
41111,2,0,0,0,0,0,0,0,0,0,1,0,0
41182,1,0,0,1,1,1,0,0,0,0,1,0,0
41194,5,0,0,0,1,0.8,0,0,0,0,0.8,0,0
39799,2,0,0,0,1,0,0,0,0,0,0,0,0
41566,1,1,0,0,0,0,1,0,0,0,0,0,0
39890,1,1,0,0,0,0,0,0,0,0,0,0,1
40312,1,0,0,0,0,0,0,0,0,1,0,0,0
41040,12,0,0,0.166666667,1,0,0,0,0,0,0.583333333,0,0
41057,1,1,0,0,0,0,1,0,1,1,0,0,1
41320,2,0,0,0,0,0,0,1,0,0,0,0,0
41138,3,1,0,0,0,0,0,0,0,0,0,0,0
41158,1,1,0,0,0,0,0,0,0,0,0,0,0
41209,1,0,0,0,0,0,0,1,0,0,0,0,0
39712,5,0,0.4,0.6,1,0.6,0,0,0,0,0,0,0
40789,1,0,0,0,0,1,0,0,0,0,0,0,0
41135,4,0.5,0,0,0.75,0.75,0.25,0,0.5,0,0,0,0
41189,9,0,0,0,1,0.777777778,0,0,0,0,1,0,0
41365,5,1,0,0,0,0,1,0,0,1,0,0,0
41673,5,0,0,0,1,0,0,0,0,0,0,0,0
39708,1,0,0,0,0,0,0,1,0,0,0,0,0
40607,4,1,0,0.75,1,1,0.5,0,0,0.75,1,0,0.75
40993,1,0,0,0,0,0,0,0,0,0,1,0,0
41362,5,1,0,0,0,0,1,0,0,1,0,0,0.2
41763,5,0.4,0.6,0.6,0.6,0.6,0.6,0,0.8,0,0.6,0,0.6
39932,4,0,0,0,0,0,0,1,0,0,0,0,0
40296,1,0,0,1,1,1,0,0,0,0,1,0,0
41134,4,0.75,0,0,0.75,0.75,0,0,0.5,0.5,0,0,0
41735,6,0,0,0.5,0.5,0,0,0,0,0,0.833333333,0,0
41880,6,0,0,0,0,0,0,0,0,0,0,0,1
40408,1,0,0,0,0,0,1,0,0,0,0,0,0
40790,1,0,0,0,0,1,0,0,0,0,0,0,0
41151,3,0,0,0,0.666666667,0,0,0,0,0.333333333,0,0,0.333333333
42162,14,0.5,0,0.642857143,1,0.857142857,0,0,0,0,1,0,0
42185,1,0,0,0,1,0,0,0,0,0,1,0,0
41892,6,0,0,0,0,0,0,0,0,0,0,0,1
42032,1,0,0,0,0,0,0,1,0,0,0,0,0
41195,5,0,0,0,1,0.8,0,0,0,0,0.8,0,0
41738,4,1,0,0.75,0.75,0.75,1,0,0,0,0.75,0,0.75
41766,6,0.333333333,0.833333333,0.833333333,1,0.833333333,0.333333333,0,0.333333333,0.333333333,0.333333333,0,0.333333333
42096,4,0,0,0,0,0,0,0,0,0,1,0,0
40551,1,0,0,1,1,1,0,0,0,0,1,0,0
41058,1,0,0,0,0,0,0,0,1,0,0,0,0
41709,1,0,0,0,0,0,0,0,0,0,1,0,0
41804,1,0,0,1,1,1,0,0,0,0,0,0,0
39742,1,0,0,0,0,0,1,1,0,0,0,0,0
39871,2,0,0,0,1,1,0,0,0,0,1,0,0
40489,1,1,0,0,0,0,0,0,0,0,0,0,1
41013,7,0,0,0.285714286,1,0.285714286,0,0,0,0,1,0,0
41133,4,0.5,0,0,0.75,0.75,0.25,0,0.5,0.5,0,0,0.25
39775,1,0,0,0,1,0,0,0,0,0,1,1,0
40287,1,0,0,1,1,1,0,0,0,0,1,0,0
40606,4,1,0,0.75,1,1,0,0,0,0.75,1,0,0.75
41143,3,1,0,0,1,1,0,0,0,0.666666667,0,0,0
41502,4,0,0,0.5,1,0.5,0,0,0,0,0.5,0,0
42084,1,0,0,0,0,0,0,0,0,0,1,0,0
40108,1,0,0,0,0,0,0,0,0,0,0,0,1
40610,5,0.8,0,0.6,0.8,0.8,0.4,0,0,0.6,0.8,0,0.6
41019,4,0,0,0,1,0,0,0,0,0,0,0,0
41888,2,0,0,0,0,0,0,0,0,0,0,0,1
42098,5,0,0,0,0,0,0,0,0,0,1,0,0
39709,5,0,0,0,1,0.2,0,0,0,0,0,0,0
41197,5,0,0,0,1,0.8,0,0,0,0,0.8,0,0
41345,6,0.833333333,0,0,0.166666667,0.166666667,0.833333333,0,0,0.833333333,0,0,0.166666667
41346,8,0.625,0,0,0.375,0.375,0.625,0,0,0.625,0,0,0
39876,2,0,0,0,0,0,0,1,0,0,0,0,0
41170,4,0.75,0,0.25,0.25,0.25,0.5,0,0.5,0.25,0.25,0,0.25
41776,4,0.25,0,0.25,0.75,0.25,0.25,0,0,0.25,1,0,0
39639,1,0,0,0,0,0,0,0,0,0,0,1,0
40422,1,1,0,0,0,0,0,0,0,0,0,0,0
41067,2,0.5,0,0,0,0,0.5,0,1,0.5,0,0,0.5
41112,9,0,0.111111111,0.777777778,1,0.111111111,0,0,0,0,0.222222222,0,0
41349,8,0.625,0,0,0.375,0.375,0.625,0,0,0.625,0,0,0
40795,1,1,0,0,0,0,1,0,0,1,0,0,1
41099,1,0,0,0,1,0,0,0,0,0,1,0,0
41164,1,0,0,0,0,0,0,0,1,0,0,0,0
41311,2,0,0,0,1,0,0,0,0,0,0,0,0
41670,1,0,0,0,1,0,0,0,0,0,0,0,0
42161,14,0.5,0,0.642857143,1,0.857142857,0,0,0,0,1,0,0
39927,3,0,0,0,0,0,0.666666667,1,0,0,0,0,0
40939,1,1,0,0,0,0,1,0,0,1,0,0,1
41589,1,0,0,0,1,0,0,0,0,0,0,0,0
39850,1,0,0,0,0,0,1,0,0,1,0,0,1
644,2523,0.180780322,0.039739656,0.137307417,0.459720053,0.258188086,0.164230542,0.226512599,0.037707039,0.081146623,0.358371556,0.056832298,0.112646463
